{
  "cli": {
    "version": ">= 13.2.0",
    "appVersionSource": "remote"
  },
  "build": {
    "development": {
      "developmentClient": true,
      "distribution": "internal",
      "env": {
        "EXPO_PUBLIC_BACKEND_URL": "https://alter-ego-app-1.preview.emergentagent.com"
      },
      "android": {
        "gradleCommand": ":app:assembleDebug",
        "buildType": "apk"
      }
    },
    "preview": {
      "distribution": "internal",
      "env": {
        "EXPO_PUBLIC_BACKEND_URL": "https://alter-ego-app-1.preview.emergentagent.com"
      },
      "android": {
        "buildType": "apk"
      },
      "ios": {
        "simulator": false
      }
    },
    "production": {
      "autoIncrement": true,
      "env": {
        "EXPO_PUBLIC_BACKEND_URL": "https://api.findmeai.com.tr"
      },
      "android": {
        "buildType": "app-bundle",
        "gradleCommand": ":app:bundleRelease"
      },
      "ios": {
        "buildConfiguration": "Release"
      }
    }
  },
  "submit": {
    "production": {
      "android": {
        "serviceAccountKeyPath": "./google-play-service-account.json",
        "track": "internal"
      }
    }
  }
}
