{
  "project_info": {
    "project_number": "YOUR_PROJECT_NUMBER",
    "project_id": "find-me-ai",
    "storage_bucket": "find-me-ai.appspot.com"
  },
  "client": [
    {
      "client_info": {
        "mobilesdk_app_id": "1:YOUR_PROJECT_NUMBER:android:YOUR_APP_ID",
        "android_client_info": {
          "package_name": "com.findmeai.app"
        }
      },
      "oauth_client": [],
      "api_key": [
        {
          "current_key": "YOUR_FIREBASE_API_KEY"
        }
      ],
      "services": {
        "appinvite_service": {
          "other_platform_oauth_client": []
        }
      }
    }
  ],
  "configuration_version": "1"
}
